<?xml version="1.0" encoding="UTF-8"?>
<root>
  <item name="net.xpece.material.navigationdrawer.descriptors.BaseNavigationItemDescriptor activeColorAttr">
    <annotation name="android.support.annotation.AttrRes" />
  </item>
  <item name="net.xpece.material.navigationdrawer.descriptors.BaseNavigationItemDescriptor activeColorId">
    <annotation name="android.support.annotation.ColorRes" />
  </item>
  <item name="net.xpece.material.navigationdrawer.descriptors.BaseNavigationItemDescriptor iconId">
    <annotation name="android.support.annotation.DrawableRes" />
  </item>
  <item name="net.xpece.material.navigationdrawer.descriptors.BaseNavigationItemDescriptor net.xpece.material.navigationdrawer.descriptors.BaseNavigationItemDescriptor activeColorAttribute(int) 0">
    <annotation name="android.support.annotation.AttrRes" />
  </item>
  <item name="net.xpece.material.navigationdrawer.descriptors.BaseNavigationItemDescriptor net.xpece.material.navigationdrawer.descriptors.BaseNavigationItemDescriptor activeColorResource(int) 0">
    <annotation name="android.support.annotation.ColorRes" />
  </item>
  <item name="net.xpece.material.navigationdrawer.descriptors.BaseNavigationItemDescriptor net.xpece.material.navigationdrawer.descriptors.BaseNavigationItemDescriptor iconResource(int) 0">
    <annotation name="android.support.annotation.DrawableRes" />
  </item>
  <item name="net.xpece.material.navigationdrawer.descriptors.BaseNavigationItemDescriptor net.xpece.material.navigationdrawer.descriptors.BaseNavigationItemDescriptor passiveColorAttribute(int) 0">
    <annotation name="android.support.annotation.AttrRes" />
  </item>
  <item name="net.xpece.material.navigationdrawer.descriptors.BaseNavigationItemDescriptor net.xpece.material.navigationdrawer.descriptors.BaseNavigationItemDescriptor passiveColorResource(int) 0">
    <annotation name="android.support.annotation.ColorRes" />
  </item>
  <item name="net.xpece.material.navigationdrawer.descriptors.BaseNavigationItemDescriptor net.xpece.material.navigationdrawer.descriptors.BaseNavigationItemDescriptor text(int) 0">
    <annotation name="android.support.annotation.StringRes" />
  </item>
  <item name="net.xpece.material.navigationdrawer.descriptors.BaseNavigationItemDescriptor passiveColorAttr">
    <annotation name="android.support.annotation.AttrRes" />
  </item>
  <item name="net.xpece.material.navigationdrawer.descriptors.BaseNavigationItemDescriptor passiveColorId">
    <annotation name="android.support.annotation.ColorRes" />
  </item>
  <item name="net.xpece.material.navigationdrawer.descriptors.BaseNavigationItemDescriptor textId">
    <annotation name="android.support.annotation.StringRes" />
  </item>
  <item name="net.xpece.material.navigationdrawer.descriptors.NavigationSectionDescriptor headingId">
    <annotation name="android.support.annotation.StringRes" />
  </item>
  <item name="net.xpece.material.navigationdrawer.descriptors.NavigationSectionDescriptor net.xpece.material.navigationdrawer.descriptors.NavigationSectionDescriptor heading(int) 0">
    <annotation name="android.support.annotation.StringRes" />
  </item>
  <item name="net.xpece.material.navigationdrawer.descriptors.SimpleNavigationItemDescriptor badgeColorAttr">
    <annotation name="android.support.annotation.AttrRes" />
  </item>
  <item name="net.xpece.material.navigationdrawer.descriptors.SimpleNavigationItemDescriptor badgeColorId">
    <annotation name="android.support.annotation.ColorRes" />
  </item>
  <item name="net.xpece.material.navigationdrawer.descriptors.SimpleNavigationItemDescriptor badgeId">
    <annotation name="android.support.annotation.StringRes" />
  </item>
  <item name="net.xpece.material.navigationdrawer.descriptors.SimpleNavigationItemDescriptor net.xpece.material.navigationdrawer.descriptors.SimpleNavigationItemDescriptor activeColorAttribute(int) 0">
    <annotation name="android.support.annotation.AttrRes" />
  </item>
  <item name="net.xpece.material.navigationdrawer.descriptors.SimpleNavigationItemDescriptor net.xpece.material.navigationdrawer.descriptors.SimpleNavigationItemDescriptor activeColorResource(int) 0">
    <annotation name="android.support.annotation.ColorRes" />
  </item>
  <item name="net.xpece.material.navigationdrawer.descriptors.SimpleNavigationItemDescriptor net.xpece.material.navigationdrawer.descriptors.SimpleNavigationItemDescriptor badge(int) 0">
    <annotation name="android.support.annotation.StringRes" />
  </item>
  <item name="net.xpece.material.navigationdrawer.descriptors.SimpleNavigationItemDescriptor net.xpece.material.navigationdrawer.descriptors.SimpleNavigationItemDescriptor badgeColorAttribute(int) 0">
    <annotation name="android.support.annotation.AttrRes" />
  </item>
  <item name="net.xpece.material.navigationdrawer.descriptors.SimpleNavigationItemDescriptor net.xpece.material.navigationdrawer.descriptors.SimpleNavigationItemDescriptor badgeColorResource(int) 0">
    <annotation name="android.support.annotation.ColorRes" />
  </item>
  <item name="net.xpece.material.navigationdrawer.descriptors.SimpleNavigationItemDescriptor net.xpece.material.navigationdrawer.descriptors.SimpleNavigationItemDescriptor iconResource(int) 0">
    <annotation name="android.support.annotation.DrawableRes" />
  </item>
  <item name="net.xpece.material.navigationdrawer.descriptors.SimpleNavigationItemDescriptor net.xpece.material.navigationdrawer.descriptors.SimpleNavigationItemDescriptor passiveColorAttribute(int) 0">
    <annotation name="android.support.annotation.AttrRes" />
  </item>
  <item name="net.xpece.material.navigationdrawer.descriptors.SimpleNavigationItemDescriptor net.xpece.material.navigationdrawer.descriptors.SimpleNavigationItemDescriptor passiveColorResource(int) 0">
    <annotation name="android.support.annotation.ColorRes" />
  </item>
  <item name="net.xpece.material.navigationdrawer.descriptors.SimpleNavigationItemDescriptor net.xpece.material.navigationdrawer.descriptors.SimpleNavigationItemDescriptor text(int) 0">
    <annotation name="android.support.annotation.StringRes" />
  </item>
</root>

