<?xml version="1.0" encoding="UTF-8"?>
<root>
  <item name="net.xpece.material.navigationdrawer.internal.Utils android.graphics.drawable.Drawable getDrawable(android.content.Context, int) 1">
    <annotation name="android.support.annotation.AttrRes" />
  </item>
  <item name="net.xpece.material.navigationdrawer.internal.Utils android.graphics.drawable.Drawable tintDrawable(android.content.Context, int, int) 1">
    <annotation name="android.support.annotation.DrawableRes" />
  </item>
  <item name="net.xpece.material.navigationdrawer.internal.Utils android.graphics.drawable.Drawable tintDrawable(android.content.Context, int, int) 2">
    <annotation name="android.support.annotation.ColorRes" />
  </item>
  <item name="net.xpece.material.navigationdrawer.internal.Utils boolean getBoolean(android.content.Context, int, boolean) 1">
    <annotation name="android.support.annotation.AttrRes" />
  </item>
  <item name="net.xpece.material.navigationdrawer.internal.Utils int getColor(android.content.Context, int, int) 1">
    <annotation name="android.support.annotation.AttrRes" />
  </item>
</root>

