<?xml version="1.0" encoding="UTF-8"?>
<root>
  <item name="net.xpece.material.navigationdrawer.list.CompactNavigationListFragment void setBackgroundAttr(int) 0">
    <annotation name="android.support.annotation.AttrRes" />
  </item>
  <item name="net.xpece.material.navigationdrawer.list.CompactNavigationListFragment void setBackgroundResource(int) 0">
    <annotation name="android.support.annotation.DrawableRes" />
    <annotation name="android.support.annotation.ColorRes" />
  </item>
  <item name="net.xpece.material.navigationdrawer.list.CompactNavigationListFragmentDelegate void setBackgroundAttr(int) 0">
    <annotation name="android.support.annotation.AttrRes" />
  </item>
  <item name="net.xpece.material.navigationdrawer.list.CompactNavigationListFragmentDelegate void setBackgroundResource(int) 0">
    <annotation name="android.support.annotation.DrawableRes" />
    <annotation name="android.support.annotation.ColorRes" />
  </item>
  <item name="net.xpece.material.navigationdrawer.list.CompactNavigationListFragmentImpl void setBackgroundAttr(int) 0">
    <annotation name="android.support.annotation.AttrRes" />
  </item>
  <item name="net.xpece.material.navigationdrawer.list.CompactNavigationListFragmentImpl void setBackgroundResource(int) 0">
    <annotation name="android.support.annotation.DrawableRes" />
    <annotation name="android.support.annotation.ColorRes" />
  </item>
  <item name="net.xpece.material.navigationdrawer.list.NavigationListFragment void setBackgroundAttr(int) 0">
    <annotation name="android.support.annotation.AttrRes" />
  </item>
  <item name="net.xpece.material.navigationdrawer.list.NavigationListFragment void setBackgroundResource(int) 0">
    <annotation name="android.support.annotation.DrawableRes" />
    <annotation name="android.support.annotation.ColorRes" />
  </item>
  <item name="net.xpece.material.navigationdrawer.list.NavigationListFragmentDelegate void setBackgroundAttr(int) 0">
    <annotation name="android.support.annotation.AttrRes" />
  </item>
  <item name="net.xpece.material.navigationdrawer.list.NavigationListFragmentDelegate void setBackgroundResource(int) 0">
    <annotation name="android.support.annotation.DrawableRes" />
    <annotation name="android.support.annotation.ColorRes" />
  </item>
  <item name="net.xpece.material.navigationdrawer.list.NavigationListFragmentImpl void setBackgroundAttr(int) 0">
    <annotation name="android.support.annotation.AttrRes" />
  </item>
  <item name="net.xpece.material.navigationdrawer.list.NavigationListFragmentImpl void setBackgroundResource(int) 0">
    <annotation name="android.support.annotation.DrawableRes" />
    <annotation name="android.support.annotation.ColorRes" />
  </item>
  <item name="net.xpece.material.navigationdrawer.list.SupportCompactNavigationListFragment void setBackgroundAttr(int) 0">
    <annotation name="android.support.annotation.AttrRes" />
  </item>
  <item name="net.xpece.material.navigationdrawer.list.SupportCompactNavigationListFragment void setBackgroundResource(int) 0">
    <annotation name="android.support.annotation.DrawableRes" />
    <annotation name="android.support.annotation.ColorRes" />
  </item>
  <item name="net.xpece.material.navigationdrawer.list.SupportNavigationListFragment void setBackgroundAttr(int) 0">
    <annotation name="android.support.annotation.AttrRes" />
  </item>
  <item name="net.xpece.material.navigationdrawer.list.SupportNavigationListFragment void setBackgroundResource(int) 0">
    <annotation name="android.support.annotation.DrawableRes" />
    <annotation name="android.support.annotation.ColorRes" />
  </item>
</root>

